PR_AUC_Rank,C,l1_ratio,class_weight,Mean_CV_PR_AUC,SD_CV_PR_AUC,Mean_Train_PR_AUC,Mean_CV_ROC_AUC,Mean_CV_Precision_Class_1,Mean_CV_Recall_Class_1,Mean_CV_F1_Class_1,Mean_CV_F1_Macro,Mean_CV_Accuracy,Mean_Fit_Time_Seconds,SD_Fit_Time_Seconds
1,0.1,1.0,balanced,0.17563170864503708,0.004988225527849772,0.1945104516063132,0.5055749736989897,0.1733365608546081,0.46477656855470356,0.25198794701532645,0.4564133515429427,0.5344565217391304,6.107581424713135,3.1405909947763178
2,0.1,1.0,None,0.174829657626084,0.00929392561657696,0.18686526252449132,0.49781187944990946,0.0,0.0,0.0,0.45374657436216337,0.8306521739130435,7.786451625823974,7.004219936251907
3,0.01,0.0,balanced,0.17251606514519388,0.0025079911428351653,0.1990917968952611,0.5046684858753935,0.17732146999490508,0.5064432352213702,0.26260691951758647,0.45253678273414355,0.518586956521739,1.4242037773132323,0.20007498097047613
4,0.001,0.0,balanced,0.17224006532652275,0.00542120644805797,0.1936589767453276,0.5006876254107144,0.16917125225796634,0.5539079891169923,0.25885395990006826,0.41772249514745763,0.4622826086956522,0.5358365058898926,0.6942752782107412
5,0.01,0.0,None,0.17185978051741926,0.004077874328418669,0.19214963484765335,0.5012764538164715,0.0,0.0,0.0,0.45374657436216337,0.8306521739130435,20.835531997680665,5.485798639250079
6,0.001,0.0,None,0.1713796609750689,0.0070071296625184975,0.19219956966997015,0.49803236002385187,0.0,0.0,0.0,0.45374657436216337,0.8306521739130435,2.604888153076172,0.8313203326586024
7,0.1,0.0,balanced,0.17078288315013318,0.004783586350702001,0.20494306682005686,0.5015411694153616,0.175314784711689,0.5269931568966938,0.2629835633567313,0.4425031296336339,0.5006521739130434,3.047082233428955,1.1871460146386652
8,1.0,0.0,balanced,0.1706067376337521,0.0054835101840271724,0.20581440972122786,0.5003541168325942,0.1734776962937024,0.5301962239261274,0.2613032203628853,0.4375545050154709,0.4931521739130435,6.212308073043824,2.5229357126625866
9,10.0,1.0,balanced,0.170599417345418,0.005407146663126502,0.2058713517992526,0.5002815550081566,0.1744549605493242,0.5340506224750597,0.26287777391905853,0.43837175077248275,0.4935869565217391,4.581946229934692,4.893916322675073
10,1000.0,1.0,None,0.17053534467279188,0.00548479553016149,0.20692205700463456,0.5002874317901489,0.0,0.0,0.0,0.45374657436216337,0.8306521739130435,2.0464799404144287,0.7885058718802588
11,1000.0,0.0,None,0.170535103240391,0.005479066203459027,0.20692200900676738,0.5002802827814976,0.0,0.0,0.0,0.45374657436216337,0.8306521739130435,8.36313338279724,2.8291593984679073
12,100.0,0.0,None,0.17053444078042382,0.0054820722027534565,0.20692149116393227,0.5002878384253908,0.0,0.0,0.0,0.45374657436216337,0.8306521739130435,7.07616491317749,3.352577428153937
13,100.0,1.0,balanced,0.17053367543177927,0.005328485850905162,0.20586356260805375,0.5001815773286894,0.1740061241637454,0.5340485612993652,0.2623733408662895,0.43737639149303,0.49217391304347824,6.412724447250366,5.97714380886081
14,10.0,0.0,None,0.17053331047875636,0.005466456412999082,0.2069381877672627,0.5002596425839488,0.0,0.0,0.0,0.45374657436216337,0.8306521739130435,7.12264494895935,2.5542186062842385
15,100.0,1.0,None,0.1705297979025969,0.005489138047607931,0.2069173734480883,0.5002836357156469,0.0,0.0,0.0,0.45374657436216337,0.8306521739130435,19.112656784057616,8.30729346042756
16,10.0,0.0,balanced,0.170529342817497,0.005325457871517937,0.20587627397790378,0.5001778188329778,0.17404521024832692,0.5340485612993652,0.26241448739877704,0.43744934269790753,0.49228260869565216,0.5191605567932129,0.1998634332702284
17,1000.0,0.0,balanced,0.17052812454853208,0.005330803637896756,0.20586327644157382,0.5001643695175896,0.17414244446209906,0.5346916481160854,0.2626038985850988,0.43745553081696487,0.49217391304347824,0.5171716690063477,0.19314836177154082
18,1000.0,1.0,balanced,0.17052746638738792,0.005326639721942793,0.205862608565975,0.5001681559289741,0.17414244446209906,0.5346916481160854,0.2626038985850988,0.43745553081696487,0.49217391304347824,1.412003517150879,0.5610790135191855
19,100.0,0.0,balanced,0.17052625739118246,0.005335407732032293,0.20586438717234828,0.5001639585876289,0.17410422262681396,0.5346916481160854,0.2625600560819842,0.4373758985577977,0.4920652173913044,2.198280763626099,2.2135967321566246
20,1.0,1.0,balanced,0.17047244651898769,0.005160764456342092,0.2057181036601315,0.5008324977885388,0.17425931447904802,0.5237797839887872,0.2613842445196601,0.44139255163164226,0.49978260869565216,9.624646949768067,4.031429355802864
21,10.0,1.0,None,0.17045376900322687,0.0055200606235397175,0.20695399174799384,0.5001210465725383,0.0,0.0,0.0,0.45374657436216337,0.8306521739130435,3.900855875015259,4.48064548616757
22,1.0,0.0,None,0.17044942138057545,0.005873909217725584,0.20685041133757895,0.4999977312009376,0.0,0.0,0.0,0.45374657436216337,0.8306521739130435,6.077267742156982,2.6160589863444113
23,0.1,0.0,None,0.17029485658933846,0.0035449968644153083,0.20229703614770894,0.5002425809529759,0.0,0.0,0.0,0.45374657436216337,0.8306521739130435,8.219518756866455,10.37664373317631
24,1.0,1.0,None,0.1693637839069141,0.0054527798148865155,0.2065319018628861,0.49835442630717913,0.0,0.0,0.0,0.45374657436216337,0.8306521739130435,14.04301996231079,8.660012313043053
25,0.001,1.0,None,0.16934782608695653,0.0002662488850851265,0.16934782608695653,0.5,0.0,0.0,0.0,0.45374657436216337,0.8306521739130435,0.050748014450073244,0.016081070918043897
25,0.001,1.0,balanced,0.16934782608695653,0.0002662488850851265,0.16934782608695653,0.5,0.10152173913043479,0.6,0.1736596966224752,0.2683025323967483,0.433695652173913,0.12361373901367187,0.0265090531359012
25,0.01,1.0,None,0.16934782608695653,0.0002662488850851265,0.16934782608695653,0.5,0.0,0.0,0.0,0.45374657436216337,0.8306521739130435,10.020320987701416,5.092991932157656
28,0.01,1.0,balanced,0.16820290148165457,0.001488606522921833,0.16940042560502888,0.4981675392670157,0.135766498481374,0.7525641025641026,0.22990555865767695,0.24831173383917116,0.3342391304347826,0.26178750991821287,0.14373249020980344
